supplier,source_type,product_name,supplier_price_inr,mrp_inr,rating,review_count,category,selling_price_inr,slug,source_url,stock_status
DeoDap,Public catalog,"Keychain Flashlight – LED, Folding Bracket & Bottle Opener | DeoDap",53,199,4.11,457.0,Smart Gadgets & Tech,87,keychain-flashlight-led-folding-bracket-bottle-opener-deodap,https://deodap.in/collections/more,Verify before publishing
DeoDap,Public catalog,Car Seat Organizer – Mesh Storage for Phone & Purse | Velvet Wheels,51,199,3.62,56.0,Car & Bike Accessories,84,car-seat-organizer-mesh-storage-for-phone-purse-velvet-wheels,https://deodap.in/collections/more,Verify before publishing
DeoDap,Public catalog,Metal Portable Laptop Stand – 7 Adjustable Angles | Gambit,217,499,3.39,56.0,Smart Gadgets & Tech,358,metal-portable-laptop-stand-7-adjustable-angles-gambit,https://deodap.in/collections/more,Verify before publishing
DeoDap,Public catalog,Rolling Stool with Wheels – Low Height & Ergonomic | Indo Glow,926,1999,4.26,231.0,Home & Living,1528,rolling-stool-with-wheels-low-height-ergonomic-indo-glow,https://deodap.in/collections/more,Verify before publishing
DeoDap,Public catalog,Bottle Cleaning Brush – Deep Clean for Bottles & Jars | Velvet Wipe,18,99,4.46,355.0,Kitchen & Dining,30,bottle-cleaning-brush-deep-clean-for-bottles-jars-velvet-wipe,https://deodap.in/collections/more,Verify before publishing
DeoDap,Public catalog,Silicone Back Scrubber Belt – Effective Dual-Handle Exfoliation,41,149,4.51,92.0,Beauty & Grooming,68,silicone-back-scrubber-belt-effective-dual-handle-exfoliation,https://deodap.in/collections/more,Verify before publishing
DeoDap,Public catalog,"7 Port USB Hub – 7-in-1 Individual Switches, LED Indicators | Compshop",214,599,3.76,58.0,Smart Gadgets & Tech,353,7-port-usb-hub-7-in-1-individual-switches-led-indicators-compshop,https://deodap.in/collections/more,Verify before publishing
DeoDap,Public catalog,5 in 1 Gardening Tool Kit – Complete Garden Cutting Set for Gardeners,595,1699,4.72,100.0,Home & Living,982,5-in-1-gardening-tool-kit-complete-garden-cutting-set-for-gardeners,https://deodap.in/collections/more,Verify before publishing
DeoDap,Public catalog,Tubeless Tyre Puncture Repair Kit – Complete Set for Cars & Bikes | RaceVault,80,199,4.4,152.0,Car & Bike Accessories,132,tubeless-tyre-puncture-repair-kit-complete-set-for-cars-bikes-racevault,https://deodap.in/collections/more,Verify before publishing
DeoDap,Public catalog,Kids Multi Pocket Sling Crossbody Chest Bag Canvas Bag for Little Boys Girls,123,399,4.73,100.0,Kids & Toys,203,kids-multi-pocket-sling-crossbody-chest-bag-canvas-bag-for-little-boys-girls,https://deodap.in/collections/more,Verify before publishing
DeoDap,Public catalog,Solar Wall Lamp with Motion Sensor for Outdoor Lighting,211,399,4.03,1407.0,Home & Living,348,solar-wall-lamp-with-motion-sensor-for-outdoor-lighting,https://deodap.in/collections/more,Verify before publishing
DeoDap,Public catalog,Electric Mosquito Killer Lamp – Safe & Chemical-Free Indoor Pest Control,210,399,4.48,385.0,Home & Living,346,electric-mosquito-killer-lamp-safe-chemical-free-indoor-pest-control,https://deodap.in/collections/more,Verify before publishing
DeoDap,Public catalog,Nano Mist Sprayer – Portable & Refillable for Instant Facial Hydration,88,299,4.64,101.0,Beauty & Grooming,145,nano-mist-sprayer-portable-refillable-for-instant-facial-hydration,https://deodap.in/collections/more,Verify before publishing
DeoDap,Public catalog,Travel Storage Bag – Multipurpose Clothes Organizer | Packory,133,1999,4.51,166.0,Fashion & Jewelry,219,travel-storage-bag-multipurpose-clothes-organizer-packory,https://deodap.in/collections/more,Verify before publishing
DeoDap,Public catalog,Rechargeable Camping Lantern – Portable LED Tent Light,139,399,4.51,166.0,Smart Gadgets & Tech,229,rechargeable-camping-lantern-portable-led-tent-light,https://deodap.in/collections/more,Verify before publishing
DeoDap,Public catalog,Wrist Support Mouse Pad – Ergonomic Comfort for PC Users | Compshop,50,99,4.17,268.0,Office & Stationery,82,wrist-support-mouse-pad-ergonomic-comfort-for-pc-users-compshop,https://deodap.in/collections/more,Verify before publishing
DeoDap,Public catalog,Water Spray Gun – Durable Lever Nozzle for Garden & Car | Grow Garden Tools,74,435,4.62,127.0,Car & Bike Accessories,122,water-spray-gun-durable-lever-nozzle-for-garden-car-grow-garden-tools,https://deodap.in/collections/more,Verify before publishing
DeoDap,Public catalog,Cordless Leaf Blower – High Power & Rechargeable Battery,811,999,4.51,187.0,Home & Living,1338,cordless-leaf-blower-high-power-rechargeable-battery,https://deodap.in/collections/more,Verify before publishing
DeoDap,Public catalog,Mini Soft Car Interior Cleaning Brush – Gentle & Effective Dust Removal,49,199,4.71,102.0,Car & Bike Accessories,81,mini-soft-car-interior-cleaning-brush-gentle-effective-dust-removal,https://deodap.in/collections/more,Verify before publishing
DeoDap,Public catalog,"Microfiber Wash Mitt – Super Absorbent, Scratch-Safe Cleaning Glove",41,149,4.83,110.0,Car & Bike Accessories,68,microfiber-wash-mitt-super-absorbent-scratch-safe-cleaning-glove,https://deodap.in/collections/more,Verify before publishing
DeoDap,Public catalog,"Body Hair Trimmer for Men – 4 Blades, Cordless | Calm & Curl",132,299,4.41,164.0,Beauty & Grooming,218,body-hair-trimmer-for-men-4-blades-cordless-calm-curl,https://deodap.in/collections/more,Verify before publishing
DeoDap,Public catalog,Anti-Fog Rearview Mirror Film – HD Clear Protective Sticker,78,199,4.37,238.0,Car & Bike Accessories,129,anti-fog-rearview-mirror-film-hd-clear-protective-sticker,https://deodap.in/collections/more,Verify before publishing
DeoDap,Public catalog,Cockroach Trap Box – Reusable Pest Killer for Home,94,299,4.14,175.0,Home & Living,155,cockroach-trap-box-reusable-pest-killer-for-home,https://deodap.in/collections/more,Verify before publishing
DeoDap,Public catalog,Waterproof Camping Lantern 12 LED Light for Outdoors,77,399,4.51,140.0,Smart Gadgets & Tech,127,waterproof-camping-lantern-12-led-light-for-outdoors,https://deodap.in/collections/more,Verify before publishing
DeoDap,Public catalog,3-Digit Zipper Lock – Secure Your Bags & Luggage | LuggageFort,26,99,4.28,58.0,Fashion & Jewelry,43,3-digit-zipper-lock-secure-your-bags-luggage-luggagefort,https://deodap.in/collections/more,Verify before publishing
DeoDap,Public catalog,Reusable Medium Latex Waterproof Shoe Covers for Rain and Outdoor Use,48,149,4.78,100.0,Fashion & Jewelry,79,reusable-medium-latex-waterproof-shoe-covers-for-rain-and-outdoor-use,https://deodap.in/collections/more,Verify before publishing
DeoDap,Public catalog,Car Mirror Anti Fog Film – Waterproof Clear Rearview & Side Mirror,29,199,4.71,100.0,Car & Bike Accessories,48,car-mirror-anti-fog-film-waterproof-clear-rearview-side-mirror,https://deodap.in/collections/more,Verify before publishing
DeoDap,Public catalog,Waterproof Mobile Pouch with Neck Strap for Phones,32,199,4.75,107.0,Mobile Accessories,53,waterproof-mobile-pouch-with-neck-strap-for-phones,https://deodap.in/collections/more,Verify before publishing
DeoDap,Public catalog,Men Multi Pocket Sling Crossbody Chest Bag Compact Canvas Bag,130,399,4.75,100.0,Fashion & Jewelry,214,men-multi-pocket-sling-crossbody-chest-bag-compact-canvas-bag,https://deodap.in/collections/more,Verify before publishing
DeoDap,Public catalog,Matte Plastic Hair Clamp – Durable Firm Grip for All Hair Types,9,99,4.34,154.0,Beauty & Grooming,15,matte-plastic-hair-clamp-durable-firm-grip-for-all-hair-types,https://deodap.in/collections/more,Verify before publishing
DeoDap,Public catalog,Cleaning Gel – Multi-Surface Dust & Dirt Remover | Velvet Wipe,99,199,4.2,55.0,Home & Living,163,cleaning-gel-multi-surface-dust-dirt-remover-velvet-wipe,https://deodap.in/collections/more,Verify before publishing
DeoDap,Public catalog,Hair Trimmer for Men – Professional Cordless Clipper | Calm & Curl,267,799,4.35,183.0,Beauty & Grooming,441,hair-trimmer-for-men-professional-cordless-clipper-calm-curl,https://deodap.in/collections/more,Verify before publishing
DeoDap,Public catalog,Rechargeable Torch Light 800 Lumens 4 LED Flashlight,183,499,3.51,123.0,Smart Gadgets & Tech,302,rechargeable-torch-light-800-lumens-4-led-flashlight,https://deodap.in/collections/more,Verify before publishing
DeoDap,Public catalog,Lizard Repellent Spray 100ML – Herbal & Safe Pest Control,54,149,4.45,201.0,Home & Living,89,lizard-repellent-spray-100ml-herbal-safe-pest-control,https://deodap.in/collections/more,Verify before publishing
DeoDap,Public catalog,Electronic Tally Counter – Manual Digital Finger Counter | Tetherix,19,99,4.53,357.0,Office & Stationery,31,electronic-tally-counter-manual-digital-finger-counter-tetherix,https://deodap.in/collections/more,Verify before publishing
DeoDap,Public catalog,Solar Garden Lights – Waterproof Outdoor Landscape (2-Pack),260,599,4.27,165.0,Home & Living,429,solar-garden-lights-waterproof-outdoor-landscape-2-pack,https://deodap.in/collections/more,Verify before publishing
DeoDap,Public catalog,2-in-1 USB Rechargeable LED Bike Front Light with Torch,199,499,,,Car & Bike Accessories,328,2-in-1-usb-rechargeable-led-bike-front-light-with-torch,https://deodap.in/collections/more,Verify before publishing
DeoDap,Public catalog,Decorative Garden Fence Border Set - 20 Interlocking Panels,440,1199,,,Home & Living,726,decorative-garden-fence-border-set-20-interlocking-panels,https://deodap.in/collections/more,Verify before publishing
DeoDap,Public catalog,Garden Lawn Edging Border Set - Easy Interlocking Panels,440,1199,,,Home & Living,726,garden-lawn-edging-border-set-easy-interlocking-panels,https://deodap.in/collections/more,Verify before publishing
DeoDap,Public catalog,Anti Slip Bath Mat with Suction Cups for Bathroom Safety,175,499,,,Home & Living,289,anti-slip-bath-mat-with-suction-cups-for-bathroom-safety,https://deodap.in/collections/more,Verify before publishing
DeoDap,Public catalog,Magnetic Car Air Vent Phone Holder for Foldable Navigation,99,299,,,Mobile Accessories,163,magnetic-car-air-vent-phone-holder-for-foldable-navigation,https://deodap.in/collections/more,Verify before publishing
DeoDap,Public catalog,Multifunctional Glass Wiper Squeegee for Streak-Free Cleaning,99,299,,,Home & Living,163,multifunctional-glass-wiper-squeegee-for-streak-free-cleaning,https://deodap.in/collections/more,Verify before publishing
